{
  "pools": [
    {
      "rolls": 1,
      "entries": [
        {
          "type": "minecraft:item",
          "name": "minecraft:trident",
          "functions": [
            {
              "function": "minecraft:set_name",
              "name": {
                "text": "Ripper",
                "color": "#470854",
                "italic": false
              }
            },
            {
              "function": "minecraft:set_enchantments",
              "enchantments": {
                "minecraft:riptide": {
                  "min": 3,
                  "max": 5
                }
              }
            },
            {
              "function": "minecraft:set_lore",
              "lore": [
                {
                  "text": "MobCaptains",
                  "color": "blue",
                  "italic": false
                }
              ]
            }
          ],
          "weight": 20
        },
        {
          "type": "minecraft:item",
          "name": "minecraft:totem_of_undying",
          "functions": [
            {
              "function": "minecraft:set_name",
              "name": {
                "text": "Lucky Charm",
                "color": "#81d600",
                "italic": false
              }
            },
            {
              "function": "minecraft:set_enchantments",
              "enchantments": {
                "minecraft:protection": 1
              }
            },
            {
              "function": "minecraft:set_attributes",
              "modifiers": [
                {
                  "attribute": "minecraft:generic.luck",
                  "name": "ps-mob.lucky_charm",
                  "amount": 1,
                  "operation": "addition",
                  "id": "42600878-6e02-419a-97b4-695e8e4e3e14",
                  "slot": "mainhand"
                }
              ]
            },
            {
              "function": "minecraft:set_lore",
              "lore": [
                {
                  "text": "MobCaptains",
                  "color": "blue",
                  "italic": false
                }
              ]
            }
          ],
          "weight": 40
        },
        {
          "type": "minecraft:item",
          "name": "minecraft:netherite_hoe",
          "functions": [
            {
              "function": "minecraft:set_name",
              "name": {
                "text": "Reaper's Scythe",
                "color": "#21000d",
                "italic": false
              }
            },
            {
              "function": "minecraft:set_enchantments",
              "enchantments": {
                "minecraft:sharpness": {
                  "min": 3,
                  "max": 6
                },
                "minecraft:vanishing_curse": 1
              }
            },
            {
              "function": "minecraft:set_lore",
              "lore": [
                {
                  "text": "MobCaptains",
                  "color": "blue",
                  "italic": false
                }
              ]
            }
          ],
          "weight": 70
        },
        {
          "type": "minecraft:item",
          "name": "minecraft:trident",
          "functions": [
            {
              "function": "minecraft:set_name",
              "name": {
                "text": "Poseidon's Trident",
                "color": "#006653",
                "italic": false
              }
            },
            {
              "function": "minecraft:set_enchantments",
              "enchantments": {
                "minecraft:sharpness": {
                  "min": 2,
                  "max": 5
                }
              }
            },
            {
              "function": "minecraft:set_lore",
              "lore": [
                {
                  "text": "MobCaptains",
                  "color": "blue",
                  "italic": false
                }
              ]
            }
          ],
          "weight": 30
        },
        {
          "type": "minecraft:item",
          "name": "minecraft:bow",
          "functions": [
            {
              "function": "minecraft:set_name",
              "name": {
                "text": "Cornucopia",
                "color": "#d4a715",
                "italic": false
              }
            },
            {
              "function": "minecraft:set_enchantments",
              "enchantments": {
                "minecraft:looting": {
                  "min": 1,
                  "max": 4
                }
              }
            },
            {
              "function": "minecraft:set_lore",
              "lore": [
                {
                  "text": "MobCaptains",
                  "color": "blue",
                  "italic": false
                }
              ]
            }
          ],
          "weight": 90
        },
        {
          "type": "minecraft:item",
          "name": "minecraft:totem_of_undying",
          "functions": [
            {
              "function": "minecraft:set_name",
              "name": {
                "text": "Y.O.L.O.",
                "color": "#960019",
                "italic": false
              }
            },
            {
              "function": "minecraft:set_enchantments",
              "enchantments": {
                "minecraft:vanishing_curse": 1
              }
            },
            {
              "function": "minecraft:set_lore",
              "lore": [
                {
                  "text": "MobCaptains",
                  "color": "blue",
                  "italic": false
                }
              ]
            }
          ],
          "weight": 45
        }
      ]
    }
  ]
}
